<?xml version="1.0" encoding="UTF-8"?>
<definitions xmlns="http://www.omg.org/spec/BPMN/20100524/MODEL" xmlns:xsi="http://www.w3.org/2001/XMLSchema-instance" xmlns:xsd="http://www.w3.org/2001/XMLSchema" xmlns:activiti="http://activiti.org/bpmn" xmlns:bpmndi="http://www.omg.org/spec/BPMN/20100524/DI" xmlns:omgdc="http://www.omg.org/spec/DD/20100524/DC" xmlns:omgdi="http://www.omg.org/spec/DD/20100524/DI" typeLanguage="http://www.w3.org/2001/XMLSchema" expressionLanguage="http://www.w3.org/1999/XPath" targetNamespace="http://www.activiti.org/processdef">
  <process id="process" isExecutable="true">
    <startEvent id="sid-80200EFC-7C8D-4013-BBF6-0F2FB4166A78"></startEvent>
    <userTask id="sid-E5190558-F700-4E4B-942E-328A2AF7CD0D" name="经理审批" activiti:assignee="${userBean.getUsername(1)}"></userTask>
    <userTask id="sid-E1AEBFDB-6CE8-4202-8AC6-35425B760853" name="人事审批" activiti:assignee="${userBean.getUsername(2)}"></userTask>
    <endEvent id="sid-8A45AC50-71F9-4F65-841B-A758A77D1425"></endEvent>
    <sequenceFlow id="sid-CA00DC42-C372-4733-805C-208ED54F6CB1" sourceRef="sid-80200EFC-7C8D-4013-BBF6-0F2FB4166A78" targetRef="sid-E5190558-F700-4E4B-942E-328A2AF7CD0D"></sequenceFlow>
    <sequenceFlow id="sid-ED4C3CF3-DA31-4DD8-8B9A-9E66E373A06B" sourceRef="sid-E1AEBFDB-6CE8-4202-8AC6-35425B760853" targetRef="sid-8A45AC50-71F9-4F65-841B-A758A77D1425"></sequenceFlow>
    <sequenceFlow id="sid-C9077B1B-0D5C-4514-9849-532FCC680B6E" sourceRef="sid-E5190558-F700-4E4B-942E-328A2AF7CD0D" targetRef="sid-E1AEBFDB-6CE8-4202-8AC6-35425B760853"></sequenceFlow>
  </process>
  <bpmndi:BPMNDiagram id="BPMNDiagram_process">
    <bpmndi:BPMNPlane bpmnElement="process" id="BPMNPlane_process">
      <bpmndi:BPMNShape bpmnElement="sid-80200EFC-7C8D-4013-BBF6-0F2FB4166A78" id="BPMNShape_sid-80200EFC-7C8D-4013-BBF6-0F2FB4166A78">
        <omgdc:Bounds height="30.0" width="30.0" x="227.24999278038763" y="165.99999460577982"></omgdc:Bounds>
      </bpmndi:BPMNShape>
      <bpmndi:BPMNShape bpmnElement="sid-E5190558-F700-4E4B-942E-328A2AF7CD0D" id="BPMNShape_sid-E5190558-F700-4E4B-942E-328A2AF7CD0D">
        <omgdc:Bounds height="80.0" width="100.00000000000006" x="413.24998619407455" y="142.99999454617517"></omgdc:Bounds>
      </bpmndi:BPMNShape>
      <bpmndi:BPMNShape bpmnElement="sid-E1AEBFDB-6CE8-4202-8AC6-35425B760853" id="BPMNShape_sid-E1AEBFDB-6CE8-4202-8AC6-35425B760853">
        <omgdc:Bounds height="80.0" width="100.0" x="674.999979883433" y="134.9999959766866"></omgdc:Bounds>
      </bpmndi:BPMNShape>
      <bpmndi:BPMNShape bpmnElement="sid-8A45AC50-71F9-4F65-841B-A758A77D1425" id="BPMNShape_sid-8A45AC50-71F9-4F65-841B-A758A77D1425">
        <omgdc:Bounds height="28.0" width="28.0" x="980.2499703690419" y="164.99999466538446"></omgdc:Bounds>
      </bpmndi:BPMNShape>
      <bpmndi:BPMNEdge bpmnElement="sid-C9077B1B-0D5C-4514-9849-532FCC680B6E" id="BPMNEdge_sid-C9077B1B-0D5C-4514-9849-532FCC680B6E">
        <omgdi:waypoint x="513.2499861940746" y="181.47181904238073"></omgdi:waypoint>
        <omgdi:waypoint x="674.999979883433" y="176.52817148048103"></omgdi:waypoint>
      </bpmndi:BPMNEdge>
      <bpmndi:BPMNEdge bpmnElement="sid-ED4C3CF3-DA31-4DD8-8B9A-9E66E373A06B" id="BPMNEdge_sid-ED4C3CF3-DA31-4DD8-8B9A-9E66E373A06B">
        <omgdi:waypoint x="774.999979883433" y="174.9999959766866"></omgdi:waypoint>
        <omgdi:waypoint x="877.6249751262374" y="174.9999959766866"></omgdi:waypoint>
        <omgdi:waypoint x="877.6249751262374" y="178.99999466538446"></omgdi:waypoint>
        <omgdi:waypoint x="980.2499703690419" y="178.99999466538446"></omgdi:waypoint>
      </bpmndi:BPMNEdge>
      <bpmndi:BPMNEdge bpmnElement="sid-CA00DC42-C372-4733-805C-208ED54F6CB1" id="BPMNEdge_sid-CA00DC42-C372-4733-805C-208ED54F6CB1">
        <omgdi:waypoint x="257.24937858007615" y="181.1357356537408"></omgdi:waypoint>
        <omgdi:waypoint x="413.24998619407455" y="182.54750585839236"></omgdi:waypoint>
      </bpmndi:BPMNEdge>
    </bpmndi:BPMNPlane>
  </bpmndi:BPMNDiagram>
</definitions>