<?xml version="1.0" encoding="UTF-8"?>
<definitions xmlns="http://www.omg.org/spec/BPMN/20100524/MODEL" xmlns:xsi="http://www.w3.org/2001/XMLSchema-instance" xmlns:xsd="http://www.w3.org/2001/XMLSchema" xmlns:activiti="http://activiti.org/bpmn" xmlns:bpmndi="http://www.omg.org/spec/BPMN/20100524/DI" xmlns:omgdc="http://www.omg.org/spec/DD/20100524/DC" xmlns:omgdi="http://www.omg.org/spec/DD/20100524/DI" typeLanguage="http://www.w3.org/2001/XMLSchema" expressionLanguage="http://www.w3.org/1999/XPath" targetNamespace="http://www.activiti.org/processdef">
  <process id="process" isExecutable="true">
    <startEvent id="sid-6D00E5DC-3B1E-44D0-83F2-CBF462C44844"></startEvent>
    <userTask id="sid-AB44D8C8-F12D-428D-8D88-555A47B6E442" name="经理审批">
      <extensionElements>
        <activiti:taskListener event="create" class="org.example.auth.activiti.MyListener"></activiti:taskListener>
      </extensionElements>
    </userTask>
    <userTask id="sid-EA13D161-E687-4977-9485-3F4BFC704B90" name="人事审批">
      <extensionElements>
        <activiti:taskListener event="create" class="org.example.auth.activiti.MyListener"></activiti:taskListener>
      </extensionElements>
    </userTask>
    <endEvent id="sid-B23287A7-C6B0-4446-94EF-2BBE7604767A"></endEvent>
    <sequenceFlow id="sid-4BCAD61A-D97A-47BB-A287-47FF5A962E1B" sourceRef="sid-6D00E5DC-3B1E-44D0-83F2-CBF462C44844" targetRef="sid-AB44D8C8-F12D-428D-8D88-555A47B6E442"></sequenceFlow>
    <sequenceFlow id="sid-32E7831A-53D5-4665-A61D-3D7533AEFBF0" sourceRef="sid-AB44D8C8-F12D-428D-8D88-555A47B6E442" targetRef="sid-EA13D161-E687-4977-9485-3F4BFC704B90"></sequenceFlow>
    <sequenceFlow id="sid-546B0762-0923-45B9-BCE2-B41949FF77F2" sourceRef="sid-EA13D161-E687-4977-9485-3F4BFC704B90" targetRef="sid-B23287A7-C6B0-4446-94EF-2BBE7604767A"></sequenceFlow>
  </process>
  <bpmndi:BPMNDiagram id="BPMNDiagram_process">
    <bpmndi:BPMNPlane bpmnElement="process" id="BPMNPlane_process">
      <bpmndi:BPMNShape bpmnElement="sid-6D00E5DC-3B1E-44D0-83F2-CBF462C44844" id="BPMNShape_sid-6D00E5DC-3B1E-44D0-83F2-CBF462C44844">
        <omgdc:Bounds height="30.0" width="30.0" x="239.99997854232913" y="174.99999031424565"></omgdc:Bounds>
      </bpmndi:BPMNShape>
      <bpmndi:BPMNShape bpmnElement="sid-AB44D8C8-F12D-428D-8D88-555A47B6E442" id="BPMNShape_sid-AB44D8C8-F12D-428D-8D88-555A47B6E442">
        <omgdc:Bounds height="80.0" width="100.0" x="359.9999892711643" y="149.99999552965178"></omgdc:Bounds>
      </bpmndi:BPMNShape>
      <bpmndi:BPMNShape bpmnElement="sid-EA13D161-E687-4977-9485-3F4BFC704B90" id="BPMNShape_sid-EA13D161-E687-4977-9485-3F4BFC704B90">
        <omgdc:Bounds height="80.0" width="100.0" x="569.99993205071" y="149.99999105930368"></omgdc:Bounds>
      </bpmndi:BPMNShape>
      <bpmndi:BPMNShape bpmnElement="sid-B23287A7-C6B0-4446-94EF-2BBE7604767A" id="BPMNShape_sid-B23287A7-C6B0-4446-94EF-2BBE7604767A">
        <omgdc:Bounds height="28.0" width="28.0" x="749.9999329447787" y="175.99998581409537"></omgdc:Bounds>
      </bpmndi:BPMNShape>
      <bpmndi:BPMNEdge bpmnElement="sid-4BCAD61A-D97A-47BB-A287-47FF5A962E1B" id="BPMNEdge_sid-4BCAD61A-D97A-47BB-A287-47FF5A962E1B">
        <omgdi:waypoint x="269.99997854232913" y="189.99999081896235"></omgdi:waypoint>
        <omgdi:waypoint x="359.9999892711643" y="189.99999384726283"></omgdi:waypoint>
      </bpmndi:BPMNEdge>
      <bpmndi:BPMNEdge bpmnElement="sid-546B0762-0923-45B9-BCE2-B41949FF77F2" id="BPMNEdge_sid-546B0762-0923-45B9-BCE2-B41949FF77F2">
        <omgdi:waypoint x="669.99993205071" y="189.9999892380508"></omgdi:waypoint>
        <omgdi:waypoint x="749.9999329447787" y="189.99998632404618"></omgdi:waypoint>
      </bpmndi:BPMNEdge>
      <bpmndi:BPMNEdge bpmnElement="sid-32E7831A-53D5-4665-A61D-3D7533AEFBF0" id="BPMNEdge_sid-32E7831A-53D5-4665-A61D-3D7533AEFBF0">
        <omgdi:waypoint x="459.9999892711643" y="189.9999944652829"></omgdi:waypoint>
        <omgdi:waypoint x="569.99993205071" y="189.99999212367254"></omgdi:waypoint>
      </bpmndi:BPMNEdge>
    </bpmndi:BPMNPlane>
  </bpmndi:BPMNDiagram>
</definitions>